{"epoch":19,"_step":19,"learning_rate":0.0001,"_timestamp":1.7439748717966137e+09,"train_loss":1.609509271124135,"_runtime":440.8696969,"_wandb":{"runtime":440},"val_loss":1.6091663539409637,"best_val_accuracy":0.228,"train_accuracy":0.20054913625443313,"val_accuracy":0.227}