{"_wandb":{"runtime":667},"learning_rate":0.0001,"epoch":99,"train_loss":1.448652064278178,"_timestamp":1.74385407676184e+09,"best_model_checkpoint":{"epoch":53,"val_accuracy":0.244,"path":"./checkpoints/embedding\\best_model.pt"},"train_accuracy":0.3866834458299966,"val_accuracy":0.227,"_step":108,"val_loss":1.602626133710146,"_runtime":667.0260962}