{"train_accuracy":0.5371238988674065,"epoch":49,"learning_rate":0.001,"_wandb":{"runtime":321},"_runtime":321.5109009,"val_accuracy":0.248,"best_model_checkpoint":{"val_accuracy":0.256,"path":"./checkpoints/embedding-2025-04-07-18-17-33\\best_model.pt","epoch":43},"_step":59,"val_loss":1.7398456111550331,"_timestamp":1.7440429760596652e+09,"train_loss":1.16455365945823}