{"val_loss":1.6094528138637543,"_timestamp":1.744044460177672e+09,"_runtime":1001.4510495,"_step":49,"epoch":49,"train_accuracy":0.1997483125500515,"_wandb":{"runtime":1001},"train_loss":1.6095626232397817,"val_accuracy":0.199,"learning_rate":0.0001,"best_val_accuracy":0.221}