{"epoch":0,"train_loss":1.6088180833489356,"_runtime":12.4757858,"train_accuracy":0.2055828852534035,"learning_rate":0.0001,"_timestamp":1.7439710615090368e+09,"_step":0,"val_loss":1.608514741063118,"_wandb":{"runtime":334},"val_accuracy":0.209}