{"_step":130,"_runtime":733.3951405,"val_loss":2.1890563555061817,"train_loss":0.7835175243824938,"val_accuracy":0.256,"_timestamp":1.743794035614122e+09,"learning_rate":0.001,"_wandb":{"runtime":733},"train_accuracy":0.7012927582656446,"best_model_checkpoint":{"epoch":21,"val_accuracy":0.258,"path":"checkpoints_run1\\best_model.pt"},"epoch":99}