{"learning_rate":0.001,"_wandb":{"runtime":693},"val_accuracy":0.245,"_step":118,"_runtime":693.8386276,"train_loss":1.0226205602614549,"epoch":99,"train_accuracy":0.5876901956297906,"best_model_checkpoint":{"epoch":92,"val_accuracy":0.262,"path":"checkpoints\\best_model.pt"},"val_loss":2.0396860018372536,"_timestamp":1.7437862638269944e+09}