{"train_loss":1.3005424590006363,"_timestamp":1.7424851325019755e+09,"train_accuracy":0.46688021965450177,"val_loss":1.6823196709156036,"learning_rate":0.001,"_step":9,"_runtime":240.6708214,"_wandb":{"runtime":240},"val_accuracy":0.252,"epoch":9}