{"val_accuracy":0.221,"_runtime":340.330939,"epoch":19,"train_accuracy":0.22262898981809862,"_timestamp":1.744050928753964e+09,"val_loss":1.6057890504598618,"train_loss":1.603081705361387,"_step":19,"learning_rate":1e-05,"_wandb":{"runtime":340}}